ts,location,wind_sp,wind_deg,pressure,temperature,humidity,cloud_per,rain_amt,weather
2025-03-23 13:30:00,Nak Niwat 48,0.29,0,1010,36.16,52,0,0.0,clear sky
2025-03-23 14:00:00,Nak Niwat 48,0.22,0,1010,36.68,51,35,0.0,scattered clouds
2025-03-23 14:30:00,Nak Niwat 48,1.54,2,1009,37.01,44,20,0.0,few clouds
2025-03-23 15:00:00,Nak Niwat 48,2.57,3,1009,36.54,44,20,0.0,few clouds
2025-03-23 15:30:00,Nak Niwat 48,1.54,2,1008,37.04,46,20,0.0,few clouds
2025-03-23 16:00:00,Nak Niwat 48,1.07,1,1008,37.56,49,10,0.0,clear sky
2025-03-23 16:30:00,Nak Niwat 48,1.02,1,1008,36.8,36,8,0.0,clear sky
2025-03-23 17:00:00,Nak Niwat 48,1.02,1,1008,37.13,48,8,0.0,clear sky
2025-03-23 17:30:00,Nak Niwat 48,2.06,2,1008,36.52,44,20,0.0,few clouds
2025-03-23 18:00:00,Nak Niwat 48,1.54,2,1008,35.79,48,20,0.0,few clouds
2025-03-23 18:30:00,Nak Niwat 48,2.57,3,1008,35.33,38,20,0.0,few clouds
2025-03-23 19:00:00,Nak Niwat 48,2.06,2,1008,34.71,42,20,0.0,few clouds
2025-03-23 19:30:00,Nak Niwat 48,5.28,5,1010,34.99,42,100,0.0,overcast clouds
2025-03-23 20:00:00,Nak Niwat 48,3.6,4,1010,32.0,45,20,0.0,few clouds
2025-03-23 20:30:00,Nak Niwat 48,2.57,3,1011,33.56,46,20,0.0,few clouds
2025-03-23 21:00:00,Nak Niwat 48,3.09,3,1011,32.4,40,20,0.0,few clouds
2025-03-23 21:30:00,Nak Niwat 48,2.57,3,1011,32.44,40,20,0.0,few clouds
2025-03-23 22:00:00,Nak Niwat 48,2.57,3,1012,32.22,40,20,0.0,few clouds
2025-03-23 22:30:00,Nak Niwat 48,2.06,2,1012,31.54,43,20,0.0,few clouds
2025-03-23 23:00:00,Nak Niwat 48,2.06,2,1012,30.64,49,20,0.0,few clouds
2025-03-23 23:30:00,Nak Niwat 48,2.06,2,1011,28.83,56,20,0.0,few clouds
2025-03-24 00:00:00,Nak Niwat 48,2.06,2,1011,28.85,57,20,0.0,few clouds
2025-03-24 00:30:00,Nak Niwat 48,3.09,3,1011,28.91,62,20,0.0,few clouds
2025-03-24 01:00:00,Nak Niwat 48,3.09,3,1011,28.91,63,20,0.0,few clouds
2025-03-24 01:30:00,Nak Niwat 48,3.09,3,1010,28.91,66,20,0.0,few clouds
2025-03-24 02:00:00,Nak Niwat 48,3.09,3,1010,28.85,67,20,0.0,few clouds
2025-03-24 02:30:00,Nak Niwat 48,2.57,3,1010,27.96,74,20,0.0,few clouds
2025-03-24 03:00:00,Nak Niwat 48,2.57,3,1010,28.52,84,20,0.0,few clouds
2025-03-24 03:30:00,Nak Niwat 48,2.57,3,1010,28.23,85,20,0.0,few clouds
2025-03-24 04:00:00,Nak Niwat 48,2.57,3,1010,27.25,87,20,0.0,mist
2025-03-24 04:30:00,Nak Niwat 48,2.06,2,1010,27.2,88,20,0.0,mist
2025-03-24 05:00:00,Nak Niwat 48,2.06,2,1010,27.08,88,20,0.0,mist
2025-03-24 05:30:00,Nak Niwat 48,1.54,2,1010,27.08,88,20,0.0,mist
2025-03-24 06:00:00,Nak Niwat 48,1.54,2,1010,26.21,92,20,0.0,mist
2025-03-24 06:30:00,Nak Niwat 48,1.54,2,1011,27.04,89,20,0.0,mist
2025-03-24 07:00:00,Nak Niwat 48,2.57,3,1011,26.27,96,20,0.0,mist
2025-03-24 07:30:00,Nak Niwat 48,2.06,2,1012,26.28,93,20,0.0,mist
2025-03-24 08:00:00,Nak Niwat 48,3.6,4,1012,29.24,87,20,0.0,mist
2025-03-24 08:30:00,Nak Niwat 48,2.57,3,1013,30.14,79,20,0.0,mist
2025-03-24 09:00:00,Nak Niwat 48,2.57,3,1013,31.41,70,20,0.0,haze
2025-03-24 09:30:00,Nak Niwat 48,3.09,3,1012,31.57,76,20,0.0,haze
2025-03-24 10:00:00,Nak Niwat 48,2.57,3,1012,32.4,65,20,0.0,haze
2025-03-24 10:30:00,Nak Niwat 48,2.06,2,1012,31.8,68,20,0.0,haze
2025-03-24 11:00:00,Nak Niwat 48,1.03,1,1012,32.88,61,20,0.0,haze
2025-03-24 11:30:00,Nak Niwat 48,1.03,1,1011,34.89,56,20,0.0,few clouds
2025-03-24 12:00:00,Nak Niwat 48,1.54,2,1011,35.04,56,20,0.0,few clouds
2025-03-24 12:30:00,Nak Niwat 48,2.06,2,1009,35.65,55,20,0.0,few clouds
2025-03-24 13:00:00,Nak Niwat 48,1.54,2,1009,36.42,51,20,0.0,few clouds
2025-03-24 13:30:00,Nak Niwat 48,1.54,2,1008,36.84,51,20,0.0,few clouds
2025-03-24 14:00:00,Nak Niwat 48,2.57,3,1008,36.4,52,20,0.0,few clouds
2025-03-24 14:30:00,Nak Niwat 48,2.06,2,1007,36.87,51,20,0.0,few clouds
2025-03-24 15:00:00,Nak Niwat 48,3.6,4,1007,36.52,50,20,0.0,few clouds
2025-03-24 15:30:00,Nak Niwat 48,2.57,3,1006,36.53,54,20,0.0,few clouds
2025-03-24 16:00:00,Nak Niwat 48,4.63,5,1006,36.3,52,20,0.0,few clouds
2025-03-24 16:30:00,Nak Niwat 48,5.14,5,1006,35.93,54,20,0.0,few clouds
2025-03-24 17:00:00,Nak Niwat 48,5.14,5,1006,35.83,54,20,0.0,few clouds
2025-03-24 17:30:00,Nak Niwat 48,4.63,5,1006,35.34,45,20,0.0,few clouds
2025-03-24 18:00:00,Nak Niwat 48,4.63,5,1006,34.94,46,20,0.0,few clouds
2025-03-24 18:30:00,Nak Niwat 48,3.6,4,1007,34.4,47,20,0.0,few clouds
2025-03-24 19:00:00,Nak Niwat 48,3.6,4,1007,32.05,48,20,0.0,few clouds
2025-03-24 19:30:00,Nak Niwat 48,3.6,4,1007,31.95,49,20,0.0,few clouds
2025-03-24 20:00:00,Nak Niwat 48,4.12,4,1008,32.55,59,20,0.0,few clouds
2025-03-24 20:30:00,Nak Niwat 48,3.6,4,1008,30.93,57,20,0.0,few clouds
2025-03-24 21:00:00,Nak Niwat 48,4.63,5,1008,30.01,66,20,0.0,few clouds
2025-03-24 21:30:00,Nak Niwat 48,4.63,5,1008,29.92,70,20,0.0,few clouds
2025-03-24 22:00:00,Nak Niwat 48,3.6,4,1008,29.03,73,20,0.0,few clouds
2025-03-24 22:30:00,Nak Niwat 48,4.12,4,1008,29.92,68,20,0.0,few clouds
2025-03-24 23:00:00,Nak Niwat 48,4.12,4,1008,28.97,74,20,0.0,few clouds
2025-03-24 23:30:00,Nak Niwat 48,4.63,5,1008,28.97,74,20,0.0,few clouds
2025-03-25 00:00:00,Nak Niwat 48,4.12,4,1008,28.97,75,20,0.0,few clouds
2025-03-25 00:30:00,Nak Niwat 48,4.63,5,1008,28.91,75,20,0.0,few clouds
2025-03-25 01:00:00,Nak Niwat 48,5.14,5,1008,28.91,79,20,0.0,few clouds
2025-03-25 01:30:00,Nak Niwat 48,4.12,4,1008,28.02,82,20,0.0,few clouds
2025-03-25 02:00:00,Nak Niwat 48,2.57,3,1008,28.57,87,20,0.0,few clouds
2025-03-25 02:30:00,Nak Niwat 48,2.57,3,1008,27.7,90,20,0.0,few clouds
2025-03-25 03:00:00,Nak Niwat 48,3.09,3,1008,28.37,85,20,0.0,few clouds
2025-03-25 03:30:00,Nak Niwat 48,2.57,3,1007,28.28,88,20,0.0,few clouds
2025-03-25 04:00:00,Nak Niwat 48,2.57,3,1007,28.28,88,20,0.0,few clouds
2025-03-25 04:30:00,Nak Niwat 48,1.54,2,1007,28.28,88,20,0.0,few clouds
2025-03-25 05:00:00,Nak Niwat 48,2.06,2,1007,28.16,88,20,0.0,few clouds
2025-03-25 05:30:00,Nak Niwat 48,3.09,3,1008,27.99,88,20,0.0,few clouds
2025-03-25 06:00:00,Nak Niwat 48,3.09,3,1008,27.95,89,20,0.41,light rain
2025-03-25 06:30:00,Nak Niwat 48,2.57,3,1008,27.93,89,20,0.0,few clouds
2025-03-25 07:00:00,Nak Niwat 48,2.57,3,1008,27.08,92,20,0.32,light rain
2025-03-25 07:30:00,Nak Niwat 48,3.09,3,1009,27.83,89,20,0.0,few clouds
2025-03-25 08:00:00,Nak Niwat 48,2.06,2,1009,29.85,93,20,0.0,mist
2025-03-25 08:30:00,Nak Niwat 48,2.06,2,1009,28.08,91,20,0.0,few clouds
2025-03-25 09:00:00,Nak Niwat 48,3.6,4,1009,31.16,84,40,0.0,scattered clouds
2025-03-25 09:30:00,Nak Niwat 48,3.09,3,1009,31.71,82,40,0.0,scattered clouds
2025-03-25 10:00:00,Nak Niwat 48,3.6,4,1009,32.27,81,20,0.0,few clouds
2025-03-25 10:30:00,Nak Niwat 48,3.6,4,1009,33.31,71,20,0.0,few clouds
2025-03-25 11:00:00,Nak Niwat 48,3.6,4,1009,33.9,68,20,0.0,few clouds
2025-03-25 11:30:00,Nak Niwat 48,3.09,3,1008,34.34,68,20,0.0,few clouds
2025-03-25 12:00:00,Nak Niwat 48,3.09,3,1008,34.65,67,20,0.0,few clouds
2025-03-25 12:30:00,Nak Niwat 48,3.6,4,1006,35.4,63,20,0.0,few clouds
2025-03-25 13:00:00,Nak Niwat 48,3.6,4,1006,35.45,60,20,0.0,few clouds
2025-03-25 13:30:00,Nak Niwat 48,3.6,4,1005,35.86,58,20,0.0,few clouds
2025-03-25 14:00:00,Nak Niwat 48,5.14,5,1005,35.89,57,20,0.0,few clouds
2025-03-25 14:30:00,Nak Niwat 48,3.09,3,1005,36.57,57,20,0.0,few clouds
2025-03-25 15:00:00,Nak Niwat 48,2.57,3,1004,36.53,55,20,0.0,few clouds
2025-03-25 15:30:00,Nak Niwat 48,3.6,4,1004,36.66,56,20,0.0,few clouds
2025-03-25 16:00:00,Nak Niwat 48,3.09,3,1004,36.64,57,20,0.0,few clouds
2025-03-25 16:30:00,Nak Niwat 48,4.12,4,1003,36.15,55,20,0.0,few clouds
2025-03-25 17:00:00,Nak Niwat 48,4.63,5,1003,36.08,58,20,0.0,few clouds
2025-03-25 17:30:00,Nak Niwat 48,4.63,5,1004,35.48,61,20,0.0,few clouds
2025-03-25 18:00:00,Nak Niwat 48,4.63,5,1004,34.81,51,20,0.0,few clouds
2025-03-25 18:30:00,Nak Niwat 48,4.63,5,1004,34.35,51,20,0.0,few clouds
2025-03-25 19:00:00,Nak Niwat 48,3.6,4,1004,32.01,56,20,0.0,few clouds
2025-03-25 19:30:00,Nak Niwat 48,4.63,5,1004,31.96,56,20,0.0,few clouds
2025-03-25 20:00:00,Nak Niwat 48,4.63,5,1005,30.99,59,20,0.0,few clouds
2025-03-25 20:30:00,Nak Niwat 48,4.63,5,1005,30.93,64,20,0.0,few clouds
2025-03-25 21:00:00,Nak Niwat 48,3.6,4,1006,29.98,69,20,0.16,light rain
2025-03-25 21:30:00,Nak Niwat 48,6.17,6,1006,29.99,70,20,0.0,few clouds
2025-03-25 22:00:00,Nak Niwat 48,4.63,5,1007,29.92,71,20,0.0,few clouds
2025-03-25 22:30:00,Nak Niwat 48,5.66,6,1007,29.03,74,20,0.0,few clouds
2025-03-25 23:00:00,Nak Niwat 48,5.14,5,1007,28.97,78,20,0.0,few clouds
2025-03-25 23:30:00,Nak Niwat 48,4.63,5,1006,28.97,78,20,0.0,few clouds
2025-03-26 00:00:00,Nak Niwat 48,5.14,5,1006,28.97,79,20,0.0,few clouds
2025-03-26 00:30:00,Nak Niwat 48,4.63,5,1006,28.97,79,20,0.0,few clouds
2025-03-26 01:00:00,Nak Niwat 48,5.14,5,1006,29.27,85,20,0.49,light rain
2025-03-26 01:30:00,Nak Niwat 48,5.14,5,1006,29.15,85,20,0.26,light rain
2025-03-26 02:00:00,Nak Niwat 48,4.63,5,1006,29.15,85,20,0.0,few clouds
2025-03-26 02:30:00,Nak Niwat 48,4.63,5,1006,28.45,87,20,0.0,few clouds
2025-03-26 03:00:00,Nak Niwat 48,4.12,4,1006,28.57,87,20,0.0,few clouds
2025-03-26 03:30:00,Nak Niwat 48,4.12,4,1005,28.45,87,20,0.0,few clouds
2025-03-26 04:00:00,Nak Niwat 48,3.09,3,1005,28.45,87,20,0.0,few clouds
2025-03-26 04:30:00,Nak Niwat 48,3.6,4,1006,28.45,87,20,0.0,few clouds
2025-03-26 05:00:00,Nak Niwat 48,3.09,3,1006,28.28,87,20,0.0,few clouds
2025-03-26 05:30:00,Nak Niwat 48,2.57,3,1006,28.28,88,20,0.0,few clouds
2025-03-26 06:00:00,Nak Niwat 48,3.09,3,1006,28.28,88,20,0.0,few clouds
2025-03-26 06:30:00,Nak Niwat 48,2.57,3,1007,28.11,88,20,0.0,few clouds
2025-03-26 07:00:00,Nak Niwat 48,2.57,3,1007,28.33,89,20,0.0,few clouds
2025-03-26 07:30:00,Nak Niwat 48,3.09,3,1008,29.09,87,20,0.0,few clouds
2025-03-26 08:00:00,Nak Niwat 48,3.6,4,1008,29.03,86,20,0.0,few clouds
2025-03-26 08:30:00,Nak Niwat 48,3.6,4,1008,31.32,84,20,0.0,few clouds
2025-03-26 09:00:00,Nak Niwat 48,4.63,5,1008,31.74,81,20,0.0,few clouds
2025-03-26 09:30:00,Nak Niwat 48,4.63,5,1008,32.48,78,20,0.0,few clouds
2025-03-26 10:00:00,Nak Niwat 48,5.14,5,1008,32.81,76,20,0.0,few clouds
2025-03-26 10:30:00,Nak Niwat 48,4.63,5,1008,33.74,69,20,0.0,few clouds
2025-03-26 11:00:00,Nak Niwat 48,4.63,5,1008,34.36,67,20,0.0,few clouds
2025-03-26 11:30:00,Nak Niwat 48,5.14,5,1007,34.47,65,20,0.0,few clouds
2025-03-26 12:00:00,Nak Niwat 48,5.14,5,1007,35.07,64,40,0.0,scattered clouds
2025-03-26 12:30:00,Nak Niwat 48,4.63,5,1005,35.14,63,40,0.0,scattered clouds
2025-03-26 13:00:00,Nak Niwat 48,4.12,4,1005,35.44,61,40,0.0,scattered clouds
2025-03-26 13:30:00,Nak Niwat 48,5.14,5,1005,35.84,59,40,0.0,scattered clouds
2025-03-26 14:00:00,Nak Niwat 48,4.63,5,1004,35.81,62,40,0.0,scattered clouds
2025-03-26 14:30:00,Nak Niwat 48,5.66,6,1004,36.4,49,40,0.0,scattered clouds
2025-03-26 15:00:00,Nak Niwat 48,4.63,5,1005,36.23,58,40,0.0,scattered clouds
2025-03-26 15:30:00,Nak Niwat 48,5.14,5,1003,33.0,66,40,0.0,scattered clouds
2025-03-26 16:00:00,Nak Niwat 48,4.63,5,1004,34.0,62,20,0.0,few clouds
2025-03-26 16:30:00,Nak Niwat 48,4.63,5,1004,34.0,61,20,0.0,few clouds
2025-03-26 17:00:00,Nak Niwat 48,4.63,5,1004,34.0,62,20,0.0,few clouds
2025-03-26 17:30:00,Nak Niwat 48,4.12,4,1003,34.0,63,20,0.0,few clouds
2025-03-26 18:00:00,Nak Niwat 48,4.63,5,1004,34.0,61,20,0.0,few clouds
2025-03-26 18:30:00,Nak Niwat 48,4.12,4,1003,34.0,62,20,0.0,few clouds
2025-03-26 19:00:00,Nak Niwat 48,3.6,4,1003,33.0,64,20,0.0,few clouds
2025-03-26 19:30:00,Nak Niwat 48,4.12,4,1004,33.0,68,20,0.0,few clouds
2025-03-26 20:00:00,Nak Niwat 48,4.63,5,1005,33.0,70,20,0.0,few clouds
2025-03-26 20:30:00,Nak Niwat 48,5.14,5,1005,32.0,73,20,0.0,few clouds
2025-03-26 21:00:00,Nak Niwat 48,5.66,6,1005,32.0,74,20,0.0,few clouds
2025-03-26 21:30:00,Nak Niwat 48,6.17,6,1005,32.0,75,20,0.0,few clouds
2025-03-26 22:00:00,Nak Niwat 48,6.17,6,1006,32.0,75,20,0.0,few clouds
2025-03-26 22:30:00,Nak Niwat 48,5.66,6,1006,32.0,75,20,0.0,few clouds
2025-03-26 23:00:00,Nak Niwat 48,6.17,6,1006,31.0,76,20,0.0,few clouds
2025-03-26 23:30:00,Nak Niwat 48,4.63,5,1005,31.0,77,20,0.0,few clouds
2025-03-27 00:00:00,Nak Niwat 48,5.14,5,1005,31.0,77,20,0.0,few clouds
2025-03-27 00:30:00,Nak Niwat 48,4.63,5,1005,31.0,79,20,0.0,few clouds
2025-03-27 01:00:00,Nak Niwat 48,5.14,5,1005,31.0,79,20,0.0,few clouds
2025-03-27 01:30:00,Nak Niwat 48,4.63,5,1005,31.0,79,20,0.0,few clouds
2025-03-27 02:00:00,Nak Niwat 48,3.6,4,1005,31.0,79,20,0.0,few clouds
2025-03-27 02:30:00,Nak Niwat 48,4.12,4,1004,31.0,79,20,0.0,few clouds
2025-03-27 03:00:00,Nak Niwat 48,4.63,5,1005,31.0,79,20,0.0,few clouds
2025-03-27 03:30:00,Nak Niwat 48,3.09,3,1004,31.0,80,20,0.0,few clouds
2025-03-27 04:00:00,Nak Niwat 48,1.54,2,1004,31.0,80,20,0.0,few clouds
2025-03-27 04:30:00,Nak Niwat 48,2.06,2,1005,31.0,81,20,0.0,few clouds
2025-03-27 05:00:00,Nak Niwat 48,2.06,2,1005,31.0,80,20,0.0,few clouds
2025-03-27 05:30:00,Nak Niwat 48,2.06,2,1005,31.0,81,20,0.0,few clouds
2025-03-27 06:00:00,Nak Niwat 48,2.57,3,1006,31.0,81,20,0.0,few clouds
2025-03-27 06:30:00,Nak Niwat 48,3.09,3,1006,31.0,81,20,0.0,few clouds
2025-03-27 07:00:00,Nak Niwat 48,3.09,3,1006,31.0,82,40,0.0,scattered clouds
2025-03-27 07:30:00,Nak Niwat 48,2.06,2,1007,31.0,82,40,0.0,mist
2025-03-27 08:00:00,Nak Niwat 48,2.06,2,1007,31.0,81,40,0.0,mist
2025-03-27 08:30:00,Nak Niwat 48,2.06,2,1008,31.0,81,40,0.0,mist
2025-03-27 09:00:00,Nak Niwat 48,2.06,2,1008,31.0,81,40,0.0,scattered clouds
2025-03-27 09:30:00,Nak Niwat 48,2.57,3,1008,31.0,78,40,0.0,scattered clouds
2025-03-27 10:00:00,Nak Niwat 48,3.6,4,1008,32.0,76,40,0.0,scattered clouds
2025-03-27 10:30:00,Nak Niwat 48,3.09,3,1007,32.0,75,40,0.0,scattered clouds
2025-03-27 11:00:00,Nak Niwat 48,3.6,4,1008,33.0,72,40,0.0,scattered clouds
2025-03-27 11:30:00,Nak Niwat 48,1.54,2,1008,34.0,68,40,0.0,scattered clouds
2025-03-27 12:00:00,Nak Niwat 48,4.63,5,1006,34.0,66,40,0.0,scattered clouds
2025-03-27 12:30:00,Nak Niwat 48,5.27,5,1005,34.0,62,36,0.0,scattered clouds
2025-03-27 13:00:00,Nak Niwat 48,5.27,5,1006,35.0,59,36,0.0,scattered clouds
2025-03-27 13:30:00,Nak Niwat 48,3.09,3,1005,36.0,58,20,0.0,few clouds
2025-03-27 14:00:00,Nak Niwat 48,3.6,4,1005,36.0,55,20,0.0,few clouds
2025-03-27 14:30:00,Nak Niwat 48,3.09,3,1003,37.0,55,20,0.0,few clouds
2025-03-27 15:00:00,Nak Niwat 48,3.6,4,1003,36.0,54,20,0.0,few clouds
2025-03-27 15:30:00,Nak Niwat 48,4.12,4,1002,36.0,53,20,0.0,few clouds
2025-03-27 16:00:00,Nak Niwat 48,4.63,5,1003,36.0,53,20,0.0,few clouds
2025-03-27 16:30:00,Nak Niwat 48,4.12,4,1002,36.0,53,20,0.0,few clouds
2025-03-27 17:00:00,Nak Niwat 48,4.63,5,1003,35.0,51,20,0.0,few clouds
2025-03-27 17:30:00,Nak Niwat 48,4.63,5,1002,35.0,49,20,0.0,few clouds
2025-03-27 18:00:00,Nak Niwat 48,4.63,5,1002,35.0,52,20,0.0,few clouds
2025-03-27 18:30:00,Nak Niwat 48,4.63,5,1003,34.0,50,20,0.0,few clouds
2025-03-27 19:00:00,Nak Niwat 48,3.6,4,1003,34.0,49,20,0.0,few clouds
2025-03-27 19:30:00,Nak Niwat 48,4.63,5,1003,33.0,49,20,0.0,few clouds
2025-03-27 20:00:00,Nak Niwat 48,4.63,5,1004,33.0,54,20,0.12,light rain
2025-03-27 20:30:00,Nak Niwat 48,4.63,5,1004,33.0,57,20,0.0,few clouds
2025-03-27 21:00:00,Nak Niwat 48,3.6,4,1004,33.0,63,20,0.0,few clouds
2025-03-27 21:30:00,Nak Niwat 48,5.14,5,1005,33.0,68,20,0.0,few clouds
2025-03-27 22:00:00,Nak Niwat 48,5.14,5,1005,32.0,70,20,0.15,light rain
2025-03-27 22:30:00,Nak Niwat 48,5.66,6,1005,32.0,70,20,0.0,few clouds
2025-03-27 23:00:00,Nak Niwat 48,5.14,5,1006,32.0,69,20,0.0,few clouds
2025-03-27 23:30:00,Nak Niwat 48,4.63,5,1005,32.0,68,20,0.0,few clouds
2025-03-28 00:00:00,Nak Niwat 48,3.6,4,1005,32.0,69,20,0.0,few clouds
2025-03-28 00:30:00,Nak Niwat 48,4.63,5,1004,32.0,71,20,0.1,few clouds
2025-03-28 01:00:00,Nak Niwat 48,4.63,5,1004,32.0,71,20,0.0,few clouds
2025-03-28 01:30:00,Nak Niwat 48,4.63,5,1004,31.0,71,20,0.0,few clouds
2025-03-28 02:00:00,Nak Niwat 48,3.6,4,1004,28.66,79,20,0.0,few clouds
2025-03-28 02:30:00,Nak Niwat 48,3.6,4,1004,28.99,78,20,0.0,few clouds
2025-03-28 03:00:00,Nak Niwat 48,3.6,4,1004,28.78,81,20,0.0,few clouds
2025-03-28 03:30:00,Nak Niwat 48,3.09,3,1004,28.92,78,20,0.0,few clouds
2025-03-28 04:00:00,Nak Niwat 48,3.09,3,1004,28.82,82,20,0.0,few clouds
2025-03-28 04:30:00,Nak Niwat 48,3.6,4,1005,28.77,76,20,0.13,light rain
2025-03-28 05:00:00,Nak Niwat 48,2.06,2,1005,28.76,76,20,0.0,few clouds
2025-03-28 05:30:00,Nak Niwat 48,2.06,2,1005,28.72,76,20,0.0,few clouds
2025-03-28 06:00:00,Nak Niwat 48,1.54,2,1005,28.55,83,20,0.0,few clouds
2025-03-28 06:30:00,Nak Niwat 48,1.54,2,1006,28.45,76,20,0.0,few clouds
2025-03-28 07:00:00,Nak Niwat 48,1.54,2,1006,28.44,76,20,0.0,few clouds
2025-03-28 07:30:00,Nak Niwat 48,2.57,3,1007,29.07,67,40,0.0,scattered clouds
2025-03-28 08:00:00,Nak Niwat 48,3.2,3,1008,29.81,84,100,0.0,overcast clouds
2025-03-28 08:30:00,Nak Niwat 48,2.49,2,1008,31.15,69,80,0.0,broken clouds
2025-03-28 09:00:00,Nak Niwat 48,2.49,2,1008,31.67,70,80,0.0,broken clouds
2025-03-28 09:30:00,Nak Niwat 48,2.16,2,1008,32.85,51,67,0.0,broken clouds
2025-03-28 10:00:00,Nak Niwat 48,4.12,4,1009,33.09,55,20,0.0,few clouds
2025-03-28 10:30:00,Nak Niwat 48,3.09,3,1008,33.68,36,20,0.0,few clouds
2025-03-28 11:00:00,Nak Niwat 48,1.89,2,1008,33.69,35,75,0.0,broken clouds
2025-03-28 11:30:00,Nak Niwat 48,4.12,4,1007,34.58,30,20,0.0,few clouds
2025-03-28 12:00:00,Nak Niwat 48,3.6,4,1007,34.61,30,20,0.0,few clouds
2025-03-28 12:30:00,Nak Niwat 48,3.09,3,1005,35.97,27,20,0.0,few clouds
2025-03-28 13:00:00,Nak Niwat 48,3.09,3,1005,35.97,27,20,0.0,few clouds
2025-03-28 13:30:00,Nak Niwat 48,2.57,3,1004,37.41,27,20,0.0,few clouds
2025-03-28 14:00:00,Nak Niwat 48,3.09,3,1004,37.37,28,20,0.0,few clouds
2025-03-28 14:30:00,Nak Niwat 48,2.57,3,1003,38.25,26,20,0.0,few clouds
2025-03-28 15:00:00,Nak Niwat 48,1.54,2,1003,38.23,27,20,0.0,few clouds
2025-03-28 15:30:00,Nak Niwat 48,3.09,3,1003,38.1,25,20,0.0,few clouds
2025-03-28 16:00:00,Nak Niwat 48,2.06,2,1003,38.08,26,20,0.0,few clouds
2025-03-28 16:30:00,Nak Niwat 48,2.57,3,1003,37.01,25,20,0.0,few clouds
2025-03-28 17:00:00,Nak Niwat 48,3.6,4,1003,37.19,25,20,0.0,few clouds
2025-03-28 17:30:00,Nak Niwat 48,2.57,3,1003,35.28,26,20,0.0,few clouds
2025-03-28 18:00:00,Nak Niwat 48,2.57,3,1003,35.27,26,20,0.0,few clouds
2025-03-28 18:30:00,Nak Niwat 48,4.12,4,1004,33.0,40,20,0.0,few clouds
2025-03-28 19:00:00,Nak Niwat 48,4.12,4,1004,33.0,40,20,0.0,few clouds
2025-03-28 19:30:00,Nak Niwat 48,3.6,4,1004,34.0,39,20,0.0,few clouds
2025-03-28 20:00:00,Nak Niwat 48,3.6,4,1005,34.0,39,20,0.0,few clouds
2025-03-28 20:30:00,Nak Niwat 48,2.57,3,1006,34.0,42,20,0.0,few clouds
2025-03-28 21:00:00,Nak Niwat 48,3.09,3,1006,34.0,45,20,0.0,few clouds
2025-03-28 21:30:00,Nak Niwat 48,3.6,4,1007,33.0,48,20,0.0,few clouds
2025-03-28 22:00:00,Nak Niwat 48,3.09,3,1007,33.0,52,20,0.0,few clouds
2025-03-28 22:30:00,Nak Niwat 48,4.12,4,1007,33.0,59,20,0.0,few clouds
2025-03-28 23:00:00,Nak Niwat 48,4.12,4,1007,33.0,62,20,0.0,few clouds
2025-03-28 23:30:00,Nak Niwat 48,4.12,4,1007,32.0,64,20,0.0,few clouds
2025-03-29 00:00:00,Nak Niwat 48,4.63,5,1007,32.0,64,20,0.0,few clouds
2025-03-29 00:30:00,Nak Niwat 48,4.12,4,1006,32.0,65,20,0.0,few clouds
2025-03-29 01:00:00,Nak Niwat 48,4.12,4,1006,32.0,67,20,0.0,few clouds
2025-03-29 01:30:00,Nak Niwat 48,4.12,4,1005,32.0,68,20,0.0,few clouds
2025-03-29 02:00:00,Nak Niwat 48,4.12,4,1005,32.0,70,20,0.0,few clouds
2025-03-29 02:30:00,Nak Niwat 48,3.6,4,1005,32.0,72,20,0.0,few clouds
2025-03-29 03:00:00,Nak Niwat 48,4.12,4,1005,32.0,71,20,2.53,moderate rain
2025-03-29 03:30:00,Nak Niwat 48,3.09,3,1005,31.0,71,20,0.0,few clouds
2025-03-29 04:00:00,Nak Niwat 48,2.57,3,1005,31.0,73,20,0.0,few clouds
2025-03-29 04:30:00,Nak Niwat 48,2.06,2,1006,31.0,74,20,0.0,few clouds
2025-03-29 05:00:00,Nak Niwat 48,2.57,3,1006,31.0,75,20,0.0,few clouds
2025-03-29 05:30:00,Nak Niwat 48,2.57,3,1006,31.0,75,20,0.0,few clouds
2025-03-29 06:00:00,Nak Niwat 48,2.06,2,1006,31.0,74,20,0.0,few clouds
2025-03-29 06:30:00,Nak Niwat 48,1.54,2,1007,31.0,74,20,0.0,few clouds
2025-03-29 07:00:00,Nak Niwat 48,2.57,3,1007,31.0,74,20,0.0,few clouds
2025-03-29 07:30:00,Nak Niwat 48,2.57,3,1009,31.0,74,20,0.0,few clouds
2025-03-29 08:00:00,Nak Niwat 48,4.46,4,1009,31.0,75,32,0.0,scattered clouds
2025-03-29 08:30:00,Nak Niwat 48,3.09,3,1009,32.0,74,20,0.0,few clouds
2025-03-29 09:00:00,Nak Niwat 48,4.47,4,1009,32.0,75,20,0.0,few clouds
2025-03-29 09:30:00,Nak Niwat 48,4.64,5,1009,32.0,73,18,0.0,few clouds
2025-03-29 10:00:00,Nak Niwat 48,2.06,2,1009,33.0,71,20,0.0,few clouds
2025-03-29 10:30:00,Nak Niwat 48,2.57,3,1009,33.0,70,20,0.0,few clouds
2025-03-29 11:00:00,Nak Niwat 48,2.57,3,1009,33.0,68,20,0.0,few clouds
2025-03-29 11:30:00,Nak Niwat 48,2.57,3,1008,33.0,65,20,0.0,few clouds
2025-03-29 12:00:00,Nak Niwat 48,2.06,2,1008,34.0,62,20,0.0,few clouds
2025-03-29 12:30:00,Nak Niwat 48,3.09,3,1007,35.0,58,20,0.0,few clouds
2025-03-29 13:00:00,Nak Niwat 48,2.57,3,1007,35.0,54,20,0.0,few clouds
2025-03-29 13:30:00,Nak Niwat 48,3.09,3,1006,36.0,53,20,0.0,few clouds
2025-03-29 14:00:00,Nak Niwat 48,2.06,2,1006,36.0,54,20,0.0,few clouds
2025-03-29 14:30:00,Nak Niwat 48,2.57,3,1004,36.0,52,20,0.0,few clouds
2025-03-29 15:00:00,Nak Niwat 48,3.6,4,1004,36.0,51,20,0.0,few clouds
2025-03-29 15:30:00,Nak Niwat 48,3.09,3,1004,36.0,48,20,0.0,few clouds
2025-03-29 16:00:00,Nak Niwat 48,4.12,4,1004,36.0,46,20,0.0,few clouds
2025-03-29 16:30:00,Nak Niwat 48,3.09,3,1004,36.0,47,20,0.0,few clouds
2025-03-29 17:00:00,Nak Niwat 48,3.09,3,1004,36.0,49,20,0.0,few clouds
2025-03-29 17:30:00,Nak Niwat 48,3.6,4,1005,35.0,51,20,0.0,few clouds
2025-03-29 18:00:00,Nak Niwat 48,4.63,5,1005,35.0,54,20,0.0,few clouds
2025-03-29 18:30:00,Nak Niwat 48,5.14,5,1006,34.0,55,20,0.0,few clouds
2025-03-29 19:00:00,Nak Niwat 48,4.63,5,1006,34.0,57,20,0.0,few clouds
2025-03-29 19:30:00,Nak Niwat 48,4.63,5,1007,33.0,57,20,0.0,few clouds
2025-03-29 20:00:00,Nak Niwat 48,4.12,4,1007,33.0,59,20,0.0,few clouds
2025-03-29 20:30:00,Nak Niwat 48,2.57,3,1008,33.0,61,20,0.0,few clouds
2025-03-29 21:00:00,Nak Niwat 48,3.6,4,1008,33.0,63,20,0.0,few clouds
2025-03-29 21:30:00,Nak Niwat 48,3.6,4,1009,33.0,65,20,0.0,few clouds
2025-03-29 22:00:00,Nak Niwat 48,4.12,4,1009,33.0,66,20,0.0,few clouds
2025-03-29 22:30:00,Nak Niwat 48,4.63,5,1009,32.0,65,20,0.0,few clouds
2025-03-29 23:00:00,Nak Niwat 48,4.63,5,1009,32.0,67,20,0.0,few clouds
2025-03-29 23:30:00,Nak Niwat 48,4.12,4,1009,32.0,69,20,0.0,few clouds
2025-03-30 00:00:00,Nak Niwat 48,5.14,5,1009,32.0,72,20,6.55,heavy intensity rain
2025-03-30 00:30:00,Nak Niwat 48,5.14,5,1008,32.0,73,20,0.0,few clouds
2025-03-30 01:00:00,Nak Niwat 48,4.63,5,1008,32.0,73,20,0.0,few clouds
2025-03-30 01:30:00,Nak Niwat 48,3.6,4,1007,32.0,77,20,0.0,few clouds
2025-03-30 02:00:00,Nak Niwat 48,4.12,4,1008,32.0,77,20,0.18,light rain
2025-03-30 02:30:00,Nak Niwat 48,5.14,5,1007,32.0,77,20,0.27,light rain
2025-03-30 03:00:00,Nak Niwat 48,4.12,4,1007,31.0,77,20,0.0,few clouds
2025-03-30 03:30:00,Nak Niwat 48,3.6,4,1007,31.0,78,20,0.0,few clouds
2025-03-30 04:00:00,Nak Niwat 48,3.6,4,1007,31.0,78,20,0.0,few clouds
2025-03-30 04:30:00,Nak Niwat 48,3.6,4,1008,31.0,79,20,0.0,few clouds
2025-03-30 05:00:00,Nak Niwat 48,4.12,4,1008,31.0,78,20,0.0,few clouds
2025-03-30 05:30:00,Nak Niwat 48,2.06,2,1009,31.0,78,20,0.0,few clouds
2025-03-30 06:00:00,Nak Niwat 48,3.6,4,1009,31.0,77,20,0.0,few clouds
2025-03-30 06:30:00,Nak Niwat 48,3.6,4,1010,31.0,77,20,0.0,few clouds
2025-03-30 07:00:00,Nak Niwat 48,2.57,3,1010,29.2,74,40,0.0,scattered clouds
2025-03-30 07:30:00,Nak Niwat 48,2.06,2,1011,28.98,79,40,0.0,scattered clouds
2025-03-30 08:00:00,Nak Niwat 48,3.09,3,1011,31.92,78,20,0.0,few clouds
2025-03-30 08:30:00,Nak Niwat 48,4.12,4,1012,31.92,77,20,0.0,few clouds
2025-03-30 09:00:00,Nak Niwat 48,4.63,5,1012,32.62,73,40,0.0,scattered clouds
2025-03-30 09:30:00,Nak Niwat 48,4.63,5,1012,32.99,70,40,0.0,scattered clouds
2025-03-30 10:00:00,Nak Niwat 48,4.12,4,1012,33.84,64,40,0.0,scattered clouds
2025-03-30 10:30:00,Nak Niwat 48,4.12,4,1012,34.52,61,40,0.0,scattered clouds
2025-03-30 11:00:00,Nak Niwat 48,2.57,3,1012,34.59,60,40,0.0,scattered clouds
2025-03-30 11:30:00,Nak Niwat 48,3.09,3,1011,34.51,62,40,0.0,scattered clouds
2025-03-30 12:00:00,Nak Niwat 48,4.82,5,1011,35.19,61,69,0.0,broken clouds
2025-03-30 12:30:00,Nak Niwat 48,5.23,5,1009,35.18,58,74,0.0,broken clouds
2025-03-30 13:00:00,Nak Niwat 48,5.23,5,1009,34.78,59,74,0.0,broken clouds
2025-03-30 13:30:00,Nak Niwat 48,5.46,5,1008,34.3,59,100,0.0,overcast clouds
2025-03-30 14:00:00,Nak Niwat 48,5.46,5,1008,34.18,60,100,0.93,light rain
2025-03-30 14:30:00,Nak Niwat 48,5.57,6,1007,33.27,69,100,2.44,moderate rain
2025-03-30 15:00:00,Nak Niwat 48,5.57,6,1007,33.06,73,100,1.78,moderate rain
2025-03-30 15:30:00,Nak Niwat 48,5.28,5,1007,33.04,69,100,0.77,light rain
2025-03-30 16:00:00,Nak Niwat 48,5.28,5,1007,32.72,79,100,0.0,overcast clouds
2025-03-30 16:30:00,Nak Niwat 48,5.19,5,1007,33.64,67,100,0.0,overcast clouds
2025-03-30 17:00:00,Nak Niwat 48,5.19,5,1007,33.64,63,100,0.29,light rain
2025-03-30 17:30:00,Nak Niwat 48,5.2,5,1008,33.46,62,100,0.1,overcast clouds
2025-03-30 18:00:00,Nak Niwat 48,5.2,5,1008,32.92,59,100,0.0,overcast clouds
2025-03-30 18:30:00,Nak Niwat 48,5.36,5,1008,33.39,62,100,0.3,light rain
2025-03-30 19:00:00,Nak Niwat 48,4.29,4,1008,33.29,63,100,0.75,light rain
2025-03-30 19:30:00,Nak Niwat 48,4.43,4,1009,32.59,85,100,0.87,light rain
2025-03-30 20:00:00,Nak Niwat 48,4.43,4,1009,32.73,73,100,3.16,moderate rain
2025-03-30 20:30:00,Nak Niwat 48,4.12,4,1010,32.73,65,99,4.21,heavy intensity rain
2025-03-30 21:00:00,Nak Niwat 48,4.12,4,1010,32.53,59,99,8.21,heavy intensity rain
2025-03-30 21:30:00,Nak Niwat 48,4.17,4,1011,32.87,70,99,5.01,heavy intensity rain
2025-03-30 22:00:00,Nak Niwat 48,3.09,3,1011,30.91,86,20,1.19,moderate rain
2025-03-30 22:30:00,Nak Niwat 48,2.57,3,1011,30.91,87,20,0.16,light rain
2025-03-30 23:00:00,Nak Niwat 48,3.09,3,1011,30.91,89,75,0.0,broken clouds
2025-03-30 23:30:00,Nak Niwat 48,4.24,4,1010,31.68,93,84,0.0,broken clouds
2025-03-31 00:00:00,Nak Niwat 48,2.57,3,1010,27.98,89,75,0.0,mist
2025-03-31 00:30:00,Nak Niwat 48,2.57,3,1010,27.98,89,75,0.0,mist
2025-03-31 01:00:00,Nak Niwat 48,2.06,2,1010,26.98,94,20,0.0,mist
2025-03-31 01:30:00,Nak Niwat 48,1.54,2,1009,30.23,89,20,0.0,mist
2025-03-31 02:00:00,Nak Niwat 48,2.06,2,1009,30.22,91,20,0.0,few clouds
2025-03-31 02:30:00,Nak Niwat 48,3.09,3,1009,30.22,92,20,0.0,few clouds
2025-03-31 03:00:00,Nak Niwat 48,2.57,3,1009,29.84,93,20,0.0,few clouds
2025-03-31 03:30:00,Nak Niwat 48,2.06,2,1008,26.98,94,20,0.0,few clouds
2025-03-31 04:00:00,Nak Niwat 48,2.57,3,1008,26.99,94,20,0.0,few clouds
2025-03-31 04:30:00,Nak Niwat 48,2.57,3,1009,29.84,94,20,0.0,few clouds
2025-03-31 05:00:00,Nak Niwat 48,3.09,3,1009,26.98,89,20,0.0,few clouds
2025-03-31 05:30:00,Nak Niwat 48,2.57,3,1009,29.46,93,20,0.0,few clouds
2025-03-31 06:00:00,Nak Niwat 48,2.06,2,1009,26.98,89,20,0.0,few clouds
2025-03-31 06:30:00,Nak Niwat 48,3.09,3,1010,26.98,89,40,0.0,mist
2025-03-31 07:00:00,Nak Niwat 48,2.06,2,1010,26.98,89,40,0.0,mist
2025-03-31 07:30:00,Nak Niwat 48,2.57,3,1011,26.98,94,40,0.0,mist
2025-03-31 08:00:00,Nak Niwat 48,3.09,3,1012,29.8,81,40,0.0,mist
2025-03-31 08:30:00,Nak Niwat 48,2.06,2,1012,29.68,82,40,0.0,mist
2025-03-31 09:00:00,Nak Niwat 48,2.33,2,1012,31.02,82,92,0.0,overcast clouds
2025-03-31 09:30:00,Nak Niwat 48,2.33,2,1012,31.21,78,92,0.0,overcast clouds
2025-03-31 10:00:00,Nak Niwat 48,2.58,3,1012,32.22,71,97,0.0,overcast clouds
2025-03-31 10:30:00,Nak Niwat 48,2.56,3,1012,32.66,69,96,0.0,overcast clouds
2025-03-31 11:00:00,Nak Niwat 48,2.81,3,1011,32.87,66,98,0.0,overcast clouds
2025-03-31 11:30:00,Nak Niwat 48,3.09,3,1010,32.35,67,20,0.0,few clouds
2025-03-31 12:00:00,Nak Niwat 48,2.89,3,1010,32.74,52,97,0.0,overcast clouds
2025-03-31 12:30:00,Nak Niwat 48,3.73,4,1009,33.8,62,98,0.0,overcast clouds
2025-03-31 13:00:00,Nak Niwat 48,2.57,3,1009,32.69,64,40,0.0,scattered clouds
2025-03-31 13:30:00,Nak Niwat 48,3.09,3,1008,33.33,61,40,0.0,scattered clouds
2025-03-31 14:00:00,Nak Niwat 48,3.6,4,1008,33.55,58,20,0.0,few clouds
2025-03-31 14:30:00,Nak Niwat 48,3.6,4,1007,33.71,59,20,0.41,light rain
2025-03-31 15:00:00,Nak Niwat 48,2.53,3,1007,34.44,57,96,0.0,overcast clouds
2025-03-31 15:30:00,Nak Niwat 48,4.63,5,1007,33.77,57,20,0.0,few clouds
2025-03-31 16:00:00,Nak Niwat 48,4.63,5,1007,33.7,56,20,0.0,few clouds
2025-03-31 16:30:00,Nak Niwat 48,3.6,4,1007,32.97,63,40,0.0,scattered clouds
2025-03-31 17:00:00,Nak Niwat 48,4.63,5,1007,32.7,66,40,0.0,scattered clouds
2025-03-31 17:30:00,Nak Niwat 48,4.63,5,1007,32.36,66,40,0.0,scattered clouds
2025-03-31 18:00:00,Nak Niwat 48,3.09,3,1007,31.66,69,40,0.0,scattered clouds
2025-03-31 18:30:00,Nak Niwat 48,2.57,3,1007,31.68,71,40,0.0,scattered clouds
2025-03-31 19:00:00,Nak Niwat 48,2.06,2,1007,31.16,76,20,0.0,few clouds
2025-03-31 19:30:00,Nak Niwat 48,1.54,2,1007,31.4,74,20,0.0,few clouds
2025-03-31 20:00:00,Nak Niwat 48,2.06,2,1010,31.01,77,20,0.0,few clouds
2025-03-31 20:30:00,Nak Niwat 48,3.09,3,1010,31.01,78,20,0.0,few clouds
2025-03-31 21:00:00,Nak Niwat 48,3.6,4,1010,30.47,86,20,0.0,few clouds
2025-03-31 21:30:00,Nak Niwat 48,3.09,3,1011,31.01,80,20,0.0,few clouds
2025-03-31 22:00:00,Nak Niwat 48,2.57,3,1011,30.15,88,40,0.0,scattered clouds
2025-03-31 22:30:00,Nak Niwat 48,2.06,2,1011,27.85,62,20,0.0,few clouds
2025-03-31 23:00:00,Nak Niwat 48,2.06,2,1011,30.58,80,20,0.0,few clouds
2025-03-31 23:30:00,Nak Niwat 48,2.06,2,1010,30.58,81,20,0.0,few clouds
2025-04-01 00:00:00,Nak Niwat 48,2.57,3,1010,27.96,83,20,0.0,few clouds
2025-04-01 00:30:00,Nak Niwat 48,2.06,2,1010,27.01,87,20,0.0,few clouds
2025-04-01 01:00:00,Nak Niwat 48,1.54,2,1010,28.01,72,20,0.0,few clouds
2025-04-01 01:30:00,Nak Niwat 48,2.06,2,1009,27.01,88,20,0.0,few clouds
2025-04-01 02:00:00,Nak Niwat 48,2.06,2,1009,26.95,88,20,0.0,few clouds
2025-04-01 02:30:00,Nak Niwat 48,1.54,2,1008,26.95,88,20,0.0,few clouds
2025-04-01 03:00:00,Nak Niwat 48,0.0,0,1008,26.95,88,20,0.0,few clouds
2025-04-01 03:30:00,Nak Niwat 48,1.03,1,1008,26.95,88,20,0.0,few clouds
2025-04-01 04:00:00,Nak Niwat 48,0.51,1,1008,26.95,88,20,0.0,few clouds
2025-04-01 04:30:00,Nak Niwat 48,2.06,2,1008,29.5,82,20,0.0,few clouds
2025-04-01 05:00:00,Nak Niwat 48,1.54,2,1008,29.5,84,20,0.0,few clouds
2025-04-01 05:30:00,Nak Niwat 48,2.06,2,1009,29.5,84,20,0.0,few clouds
2025-04-01 06:00:00,Nak Niwat 48,2.06,2,1009,26.06,92,20,0.0,few clouds
2025-04-01 06:30:00,Nak Niwat 48,1.03,1,1010,26.0,92,20,0.0,few clouds
2025-04-01 07:00:00,Nak Niwat 48,2.06,2,1010,27.17,80,20,0.0,few clouds
2025-04-01 07:30:00,Nak Niwat 48,2.06,2,1011,29.5,86,20,0.0,few clouds
2025-04-01 08:00:00,Nak Niwat 48,2.06,2,1011,28.08,76,20,0.0,few clouds
2025-04-01 08:30:00,Nak Niwat 48,1.03,1,1011,30.14,83,20,0.0,few clouds
2025-04-01 09:00:00,Nak Niwat 48,1.54,2,1011,30.61,82,40,0.0,scattered clouds
2025-04-01 09:30:00,Nak Niwat 48,2.68,3,1011,32.15,76,83,0.0,broken clouds
2025-04-01 10:00:00,Nak Niwat 48,2.65,3,1011,32.57,69,85,0.0,overcast clouds
2025-04-01 10:30:00,Nak Niwat 48,2.06,2,1010,32.63,68,40,0.0,scattered clouds
2025-04-01 11:00:00,Nak Niwat 48,3.09,3,1010,32.86,67,40,0.0,scattered clouds
2025-04-01 11:30:00,Nak Niwat 48,2.79,3,1009,33.65,61,90,0.0,overcast clouds
2025-04-01 12:00:00,Nak Niwat 48,3.09,3,1009,33.56,58,40,0.0,scattered clouds
2025-04-01 12:30:00,Nak Niwat 48,2.2,2,1008,34.69,56,89,0.0,overcast clouds
2025-04-01 13:00:00,Nak Niwat 48,3.09,3,1008,34.32,55,40,0.0,scattered clouds
2025-04-01 13:30:00,Nak Niwat 48,1.03,1,1007,34.98,53,20,0.0,few clouds
2025-04-01 14:00:00,Nak Niwat 48,2.06,2,1007,35.26,51,20,0.0,few clouds
2025-04-01 14:30:00,Nak Niwat 48,4.44,4,1006,35.91,48,97,0.0,overcast clouds
2025-04-01 15:00:00,Nak Niwat 48,2.57,3,1006,35.45,50,20,0.0,few clouds
2025-04-01 15:30:00,Nak Niwat 48,2.06,2,1006,35.84,48,20,0.0,few clouds
2025-04-01 16:00:00,Nak Niwat 48,2.57,3,1006,34.41,48,20,0.0,few clouds
2025-04-01 16:30:00,Nak Niwat 48,1.54,2,1006,34.96,48,20,0.0,few clouds
2025-04-01 17:00:00,Nak Niwat 48,3.09,3,1006,34.86,52,20,0.0,few clouds
2025-04-01 17:30:00,Nak Niwat 48,3.09,3,1006,33.58,52,20,0.0,few clouds
2025-04-01 18:00:00,Nak Niwat 48,4.63,5,1006,34.25,58,20,0.0,few clouds
2025-04-01 18:30:00,Nak Niwat 48,4.63,5,1007,32.37,55,20,0.0,few clouds
2025-04-01 19:00:00,Nak Niwat 48,3.6,4,1007,32.37,55,20,0.0,few clouds
2025-04-01 19:30:00,Nak Niwat 48,3.6,4,1008,32.48,50,20,0.0,few clouds
2025-04-01 20:00:00,Nak Niwat 48,3.6,4,1009,32.18,56,20,0.0,few clouds
2025-04-01 20:30:00,Nak Niwat 48,3.09,3,1010,30.88,51,20,0.0,few clouds
2025-04-01 21:00:00,Nak Niwat 48,2.57,3,1010,30.94,67,20,0.0,few clouds
2025-04-01 21:30:00,Nak Niwat 48,2.57,3,1011,30.87,67,20,0.0,few clouds
2025-04-01 22:00:00,Nak Niwat 48,2.06,2,1011,30.88,68,20,0.0,few clouds
2025-04-01 22:30:00,Nak Niwat 48,2.06,2,1011,30.57,66,20,0.0,few clouds
2025-04-01 23:00:00,Nak Niwat 48,1.54,2,1011,30.57,67,20,0.0,few clouds
2025-04-01 23:30:00,Nak Niwat 48,2.06,2,1010,30.53,65,20,0.13,light rain
2025-04-02 00:00:00,Nak Niwat 48,3.09,3,1010,30.57,67,20,0.0,few clouds
2025-04-02 00:30:00,Nak Niwat 48,2.57,3,1010,30.53,67,20,0.0,few clouds
2025-04-02 01:00:00,Nak Niwat 48,1.03,1,1010,29.73,70,20,0.0,few clouds
2025-04-02 01:30:00,Nak Niwat 48,1.03,1,1009,28.91,79,20,0.0,few clouds
2025-04-02 02:00:00,Nak Niwat 48,2.57,3,1009,28.02,82,20,0.0,few clouds
2025-04-02 02:30:00,Nak Niwat 48,1.54,2,1008,29.01,73,20,0.0,few clouds
2025-04-02 03:00:00,Nak Niwat 48,1.54,2,1008,27.96,87,20,0.0,few clouds
2025-04-02 03:30:00,Nak Niwat 48,1.54,2,1008,28.85,75,20,0.0,few clouds
2025-04-02 04:00:00,Nak Niwat 48,1.54,2,1008,28.85,76,20,0.0,few clouds
2025-04-02 04:30:00,Nak Niwat 48,1.54,2,1008,28.85,76,20,0.0,few clouds
2025-04-02 05:00:00,Nak Niwat 48,1.54,2,1008,28.85,76,20,0.0,few clouds
2025-04-02 05:30:00,Nak Niwat 48,1.54,2,1009,28.81,76,20,0.0,few clouds
2025-04-02 06:00:00,Nak Niwat 48,1.54,2,1009,27.9,88,20,0.0,few clouds
2025-04-02 06:30:00,Nak Niwat 48,2.06,2,1010,27.9,88,20,0.0,few clouds
2025-04-02 07:00:00,Nak Niwat 48,2.06,2,1010,30.18,86,20,0.0,mist
2025-04-02 07:30:00,Nak Niwat 48,2.57,3,1012,28.89,75,20,0.0,mist
2025-04-02 08:00:00,Nak Niwat 48,2.57,3,1012,29.77,71,20,0.0,mist
2025-04-02 08:30:00,Nak Niwat 48,3.09,3,1012,29.97,65,20,0.0,few clouds
2025-04-02 09:00:00,Nak Niwat 48,4.8,5,1012,31.97,54,100,0.0,overcast clouds
2025-04-02 09:30:00,Nak Niwat 48,4.12,4,1012,30.86,56,20,0.0,few clouds
2025-04-02 10:00:00,Nak Niwat 48,5.14,5,1012,31.62,54,20,0.0,few clouds
2025-04-02 10:30:00,Nak Niwat 48,4.12,4,1012,32.26,50,20,0.0,few clouds
2025-04-02 11:00:00,Nak Niwat 48,4.63,5,1012,34.02,51,20,0.0,few clouds
2025-04-02 11:30:00,Nak Niwat 48,4.63,5,1012,34.34,50,20,0.0,few clouds
2025-04-02 12:00:00,Nak Niwat 48,4.63,5,1012,33.26,49,20,0.0,few clouds
2025-04-02 12:30:00,Nak Niwat 48,3.6,4,1010,33.35,48,20,0.0,few clouds
2025-04-02 13:00:00,Nak Niwat 48,3.09,3,1011,34.67,46,20,0.9,light rain
2025-04-02 13:30:00,Nak Niwat 48,3.6,4,1009,34.98,45,20,0.0,few clouds
2025-04-02 14:00:00,Nak Niwat 48,3.6,4,1009,35.37,45,20,0.0,few clouds
2025-04-02 14:30:00,Nak Niwat 48,3.6,4,1009,35.43,44,20,0.0,few clouds
2025-04-02 15:00:00,Nak Niwat 48,3.6,4,1009,35.76,44,20,0.0,few clouds
2025-04-02 15:30:00,Nak Niwat 48,4.63,5,1007,36.14,44,20,0.0,few clouds
2025-04-02 16:00:00,Nak Niwat 48,3.09,3,1007,35.68,43,20,0.0,few clouds
2025-04-02 16:30:00,Nak Niwat 48,5.14,5,1007,35.47,44,20,0.0,few clouds
2025-04-02 17:00:00,Nak Niwat 48,3.6,4,1007,35.4,45,20,0.0,few clouds
2025-04-02 17:30:00,Nak Niwat 48,3.09,3,1008,35.08,45,20,0.0,few clouds
2025-04-02 18:00:00,Nak Niwat 48,2.57,3,1008,35.05,46,20,0.0,few clouds
2025-04-02 18:30:00,Nak Niwat 48,2.57,3,1008,33.4,47,20,0.0,few clouds
2025-04-02 19:00:00,Nak Niwat 48,2.06,2,1008,27.5,73,20,0.0,few clouds
2025-04-02 19:30:00,Nak Niwat 48,2.06,2,1010,30.0,71,20,0.0,few clouds
2025-04-02 20:00:00,Nak Niwat 48,1.54,2,1011,33.0,66,20,0.0,few clouds
2025-04-02 20:30:00,Nak Niwat 48,5.14,5,1012,33.0,66,20,0.0,few clouds
2025-04-02 21:00:00,Nak Niwat 48,4.12,4,1012,33.0,65,20,0.0,few clouds
2025-04-02 21:30:00,Nak Niwat 48,3.6,4,1013,32.0,65,20,0.0,few clouds
2025-04-02 22:00:00,Nak Niwat 48,3.09,3,1013,32.0,65,20,0.0,few clouds
2025-04-02 22:30:00,Nak Niwat 48,2.57,3,1012,32.0,65,20,0.0,few clouds
2025-04-02 23:00:00,Nak Niwat 48,2.06,2,1012,32.0,65,20,0.0,few clouds
2025-04-02 23:30:00,Nak Niwat 48,2.57,3,1012,32.0,68,20,0.0,few clouds
2025-04-03 00:00:00,Nak Niwat 48,1.54,2,1012,32.0,68,20,0.0,few clouds
2025-04-03 00:30:00,Nak Niwat 48,2.06,2,1012,32.0,68,20,0.0,few clouds
2025-04-03 01:00:00,Nak Niwat 48,1.54,2,1011,31.0,68,20,0.0,few clouds
2025-04-03 01:30:00,Nak Niwat 48,1.54,2,1010,31.0,70,20,0.0,few clouds
2025-04-03 02:00:00,Nak Niwat 48,1.54,2,1010,31.0,73,20,0.0,few clouds
2025-04-03 02:30:00,Nak Niwat 48,1.54,2,1010,31.0,72,20,0.0,few clouds
2025-04-03 03:00:00,Nak Niwat 48,1.54,2,1010,30.0,77,20,0.0,few clouds
2025-04-03 03:30:00,Nak Niwat 48,2.06,2,1010,30.0,77,20,0.0,few clouds
2025-04-03 04:00:00,Nak Niwat 48,2.06,2,1010,30.0,77,20,0.0,few clouds
2025-04-03 04:30:00,Nak Niwat 48,1.8,2,1011,30.0,79,97,0.0,overcast clouds
2025-04-03 05:00:00,Nak Niwat 48,1.8,2,1011,30.0,79,97,0.0,overcast clouds
2025-04-03 05:30:00,Nak Niwat 48,2.49,2,1011,30.0,80,99,0.0,overcast clouds
2025-04-03 06:00:00,Nak Niwat 48,2.49,2,1011,30.0,79,99,0.0,overcast clouds
2025-04-03 06:30:00,Nak Niwat 48,2.74,3,1012,30.0,79,99,0.0,overcast clouds
2025-04-03 07:00:00,Nak Niwat 48,2.48,2,1012,30.0,80,100,0.0,overcast clouds
2025-04-03 07:30:00,Nak Niwat 48,2.53,3,1013,30.0,80,100,0.0,overcast clouds
2025-04-03 08:00:00,Nak Niwat 48,2.53,3,1014,30.0,81,100,0.0,overcast clouds
2025-04-03 08:30:00,Nak Niwat 48,2.88,3,1014,30.0,79,86,0.0,overcast clouds
2025-04-03 09:00:00,Nak Niwat 48,2.88,3,1014,31.0,75,86,0.0,overcast clouds
2025-04-03 09:30:00,Nak Niwat 48,3.49,3,1014,31.0,76,82,0.0,broken clouds
2025-04-03 10:00:00,Nak Niwat 48,3.49,3,1014,32.0,72,82,0.0,broken clouds
2025-04-03 10:30:00,Nak Niwat 48,1.54,2,1014,32.0,70,75,0.0,broken clouds
2025-04-03 11:00:00,Nak Niwat 48,3.69,4,1014,32.0,66,79,0.0,broken clouds
2025-04-03 11:30:00,Nak Niwat 48,4.34,4,1013,32.0,67,76,0.0,broken clouds
2025-04-03 12:00:00,Nak Niwat 48,4.34,4,1013,32.0,65,76,0.0,broken clouds
2025-04-03 12:30:00,Nak Niwat 48,4.09,4,1012,32.0,64,81,0.0,broken clouds
2025-04-03 13:00:00,Nak Niwat 48,2.57,3,1012,33.0,59,40,0.0,scattered clouds
2025-04-03 13:30:00,Nak Niwat 48,1.97,2,1011,34.0,55,98,0.0,overcast clouds
2025-04-03 14:00:00,Nak Niwat 48,1.97,2,1011,34.0,57,98,0.0,overcast clouds
2025-04-03 14:30:00,Nak Niwat 48,1.35,1,1010,35.0,55,100,0.0,overcast clouds
2025-04-03 15:00:00,Nak Niwat 48,2.57,3,1010,35.0,54,20,0.0,few clouds
2025-04-03 15:30:00,Nak Niwat 48,2.57,3,1009,35.0,56,20,0.0,few clouds
2025-04-03 16:00:00,Nak Niwat 48,2.57,3,1009,35.0,54,20,0.0,few clouds
2025-04-03 16:30:00,Nak Niwat 48,2.06,2,1008,34.0,54,20,0.0,few clouds
2025-04-03 17:00:00,Nak Niwat 48,2.06,2,1008,35.0,53,20,0.0,few clouds
2025-04-03 17:30:00,Nak Niwat 48,2.06,2,1008,35.0,53,20,0.0,few clouds
2025-04-03 18:00:00,Nak Niwat 48,2.57,3,1009,34.0,52,20,0.0,few clouds
2025-04-03 18:30:00,Nak Niwat 48,2.57,3,1008,34.0,61,20,0.0,few clouds
2025-04-03 19:00:00,Nak Niwat 48,1.03,1,1008,33.0,66,20,0.0,few clouds
2025-04-03 19:30:00,Nak Niwat 48,4.12,4,1009,33.0,69,20,0.0,few clouds
2025-04-03 20:00:00,Nak Niwat 48,5.66,6,1009,33.0,70,20,0.0,few clouds
2025-04-03 20:30:00,Nak Niwat 48,5.66,6,1010,33.0,68,20,0.0,few clouds
2025-04-03 21:00:00,Nak Niwat 48,5.14,5,1011,32.0,70,20,1.22,moderate rain
2025-04-03 21:30:00,Nak Niwat 48,5.14,5,1011,32.0,70,20,0.18,light rain
2025-04-03 22:00:00,Nak Niwat 48,5.66,6,1012,32.0,70,20,0.13,light rain
2025-04-03 22:30:00,Nak Niwat 48,3.6,4,1012,32.0,73,20,0.65,light rain
2025-04-03 23:00:00,Nak Niwat 48,4.12,4,1012,31.0,78,40,0.2,light rain
2025-04-03 23:30:00,Nak Niwat 48,4.12,4,1011,31.0,80,40,0.12,light rain
2025-04-04 00:00:00,Nak Niwat 48,4.12,4,1012,31.0,79,20,0.18,light rain
2025-04-04 00:30:00,Nak Niwat 48,4.12,4,1011,31.0,79,20,0.0,few clouds
2025-04-04 01:00:00,Nak Niwat 48,2.57,3,1011,31.0,80,20,0.0,few clouds
2025-04-04 01:30:00,Nak Niwat 48,2.06,2,1010,31.0,80,20,0.0,few clouds
2025-04-04 02:00:00,Nak Niwat 48,3.09,3,1010,31.0,80,20,0.0,few clouds
